City ID,City,Cloudiness,Country,Date,Humidity,Lat,Lng,Max Temp,Wind Speed
1,dunedin,100,NZ,1603573340,56,-45.87,170.5,64.65,11.1
2,sinnamary,41,GF,1603573340,74,5.38,-52.95,83.17,12.57
3,puerto ayora,40,EC,1603573340,73,-0.74,-90.35,77.0,14.99
4,hermanus,6,ZA,1603573340,91,-34.42,19.23,62.01,4.0
5,busselton,71,AU,1603573341,50,-33.65,115.33,57.0,10.0
6,rikitea,84,PF,1603573341,83,-23.12,-134.97,74.64,22.82
7,saint-philippe,0,RE,1603573197,64,-21.36,55.77,71.6,5.82
8,mweka,43,CD,1603573341,96,-4.85,21.57,70.59,0.67
9,vardo,100,NO,1603573214,78,70.37,31.11,39.11,24.56
10,grass valley,1,US,1603573341,22,39.22,-121.06,73.0,7.74
11,panama city,75,PA,1603573334,78,8.99,-79.52,82.4,6.93
13,ushuaia,75,AR,1603573136,70,-54.8,-68.3,50.0,8.05
14,belaya gora,100,RU,1603573236,94,68.53,146.42,15.91,5.46
15,punta arenas,90,CL,1603573209,93,-53.15,-70.92,42.8,13.87
16,jamestown,90,US,1603573341,75,42.1,-79.24,44.01,8.05
17,kutoarjo,100,ID,1603573342,87,-7.72,109.91,63.0,4.47
18,mataura,93,NZ,1603573342,58,-46.19,168.86,71.01,15.99
19,puerto carreno,59,CO,1603573342,72,6.19,-67.49,82.94,4.0
20,luderitz,7,NA,1603573342,78,-26.65,15.16,60.21,16.64
21,ahipara,14,NZ,1603573342,74,-35.17,173.17,65.62,5.14
22,castro,65,BR,1603573158,85,-24.79,-50.01,67.93,4.52
24,kapaa,20,US,1603573342,69,22.08,-159.32,82.99,9.17
25,yellowknife,40,CA,1603573160,58,62.46,-114.35,26.6,10.29
26,tuktoyaktuk,75,CA,1603573197,100,69.45,-133.04,15.8,4.7
27,hithadhoo,27,MV,1603573342,75,-0.6,73.08,83.28,11.25
28,port hardy,20,CA,1603573343,48,50.7,-127.42,44.6,14.99
29,show low,1,US,1603573343,26,34.25,-110.03,69.8,20.8
30,mar del plata,90,AR,1603573343,93,-38.0,-57.56,60.8,8.05
31,guanambi,100,BR,1603573253,54,-14.22,-42.78,80.6,4.47
32,hobart,75,AU,1603573232,65,-42.88,147.33,45.0,12.75
34,east london,1,ZA,1603573343,83,-33.02,27.91,69.82,0.98
36,barrow,90,US,1603573198,86,71.29,-156.79,30.2,11.41
37,mahebourg,75,MU,1603573343,78,-20.41,57.7,73.4,11.41
38,bengkulu,100,ID,1603573343,85,-3.8,102.27,76.28,4.34
39,victoria,98,HK,1603573204,71,22.29,114.16,75.0,20.02
40,albany,45,US,1603573227,71,42.6,-73.97,53.01,4.0
41,huarmey,80,PE,1603573344,75,-10.07,-78.15,67.35,9.06
43,arraial do cabo,90,BR,1603573205,94,-22.97,-42.03,71.6,14.99
44,north las vegas,1,US,1603573065,22,36.2,-115.12,79.0,6.93
45,sobolevo,92,RU,1603573344,96,54.43,31.9,44.67,6.53
46,ribeira grande,40,PT,1603573344,93,38.52,-28.7,66.2,17.22
47,geraldton,0,AU,1603573263,87,-28.77,114.6,53.6,4.7
48,severo-kurilsk,100,RU,1603573344,91,50.68,156.12,46.94,29.19
49,vaini,75,TO,1603573344,88,-21.2,-175.2,73.4,10.29
50,provideniya,76,RU,1603573344,89,64.38,-173.3,33.82,15.21
51,anloga,20,GH,1603573186,88,5.79,0.9,80.6,10.29
53,kindu,100,CD,1603573345,95,-2.95,25.95,71.82,2.24
54,gizo,0,SB,1603573345,75,-8.1,156.84,82.78,7.67
55,codrington,51,AU,1603573279,69,-38.27,141.97,47.16,16.62
56,souillac,75,MU,1603573345,78,-20.52,57.52,73.4,11.41
57,nikolskoye,0,RU,1603573345,90,59.7,30.79,39.0,2.24
58,sovetskiy,99,RU,1603573345,96,61.36,63.58,24.26,9.73
59,jumla,0,NP,1603573269,53,29.27,82.18,43.2,5.61
60,bredasdorp,0,ZA,1603573276,87,-34.53,20.04,60.8,3.36
61,kang,0,BW,1603573345,20,-23.68,22.79,82.33,4.76
62,new norfolk,2,AU,1603573345,65,-42.78,147.06,45.0,1.99
63,parksville,0,CA,1603573346,58,49.32,-124.32,46.99,7.29
64,kavieng,90,PG,1603573346,69,-2.57,150.8,83.12,2.91
65,hilo,90,US,1603573346,74,19.73,-155.09,80.6,9.17
66,port elizabeth,19,ZA,1603573346,83,-33.92,25.57,64.0,1.01
67,langres,0,FR,1603573346,100,47.83,5.33,55.0,5.82
69,nantong,1,CN,1603573346,99,32.03,120.87,57.0,5.21
70,parrita,40,CR,1603573346,94,9.52,-84.32,75.2,3.36
71,saint george,1,US,1603573185,28,37.1,-113.58,79.0,6.4
72,qaanaaq,100,GL,1603573346,92,77.48,-69.36,17.22,12.62
74,lagoa,89,PT,1603573347,81,39.05,-27.98,66.11,19.01
75,lebu,43,CL,1603573347,69,-37.62,-73.65,54.66,8.12
76,mount gambier,40,AU,1603573347,65,-37.83,140.77,46.4,17.22
77,toamasina,40,MG,1603573347,94,-18.17,49.38,69.8,4.63
78,aklavik,75,CA,1603573347,85,68.22,-135.01,15.8,2.24
79,vila velha,75,BR,1603573330,100,-20.33,-40.29,72.0,9.17
80,pontalina,82,BR,1603573347,75,-17.52,-49.45,76.48,6.91
81,asosa,2,ET,1603573328,92,10.07,34.53,62.87,4.76
82,avarua,37,CK,1603573347,73,-21.21,-159.78,75.2,14.99
83,seoul,1,KR,1603573325,100,37.57,126.98,39.2,1.25
84,stokmarknes,32,NO,1603573347,86,68.56,14.91,37.0,3.0
86,chauk,94,MM,1603573348,91,20.88,94.82,75.63,5.08
87,aswan,0,EG,1603573348,30,24.09,32.91,76.6,15.82
88,hasaki,20,JP,1603573348,100,35.73,140.83,42.8,2.24
89,iberia,75,US,1603573348,73,29.95,-91.75,73.4,12.75
90,narsaq,7,GL,1603573348,68,60.92,-46.05,30.2,4.7
91,fortuna,90,US,1603573082,71,40.6,-124.16,60.01,13.87
92,clyde river,90,CA,1603573303,78,70.47,-68.59,17.6,9.17
93,jibuti,1,DJ,1603573328,78,11.5,42.5,82.4,15.64
94,celestun,58,MX,1603573348,76,20.87,-90.4,83.23,15.46
96,northam,100,GB,1603573349,82,51.03,-4.22,51.01,15.99
97,yangambi,65,CD,1603573349,95,0.81,24.43,71.69,1.66
98,dikson,11,RU,1603573349,94,73.51,80.55,22.87,6.17
99,nuuk,5,GL,1603573349,79,64.18,-51.72,26.6,4.7
100,hamilton,75,US,1603573349,53,39.18,-84.53,52.0,8.05
101,arkhipo-osipovka,0,RU,1603573349,57,44.37,38.52,61.88,1.63
102,nanakuli,1,US,1603573349,70,21.39,-158.15,84.2,10.29
103,la ronge,90,CA,1603573350,53,55.1,-105.28,24.8,10.29
104,esperance,12,AU,1603573350,100,-33.87,121.9,50.0,12.75
105,beaverlodge,20,CA,1603573350,52,55.22,-119.44,19.4,10.29
106,nome,90,US,1603573350,95,64.5,-165.41,36.0,10.29
107,butaritari,18,KI,1603573350,66,3.07,172.79,82.06,7.07
108,atuona,1,PF,1603573198,74,-9.8,-139.03,78.73,22.75
109,tasiilaq,98,GL,1603573350,74,65.61,-37.64,33.8,1.12
110,fortuna foothills,1,US,1603573350,48,32.66,-114.41,88.0,8.05
111,mackay,75,AU,1603573350,88,-21.15,149.2,75.2,6.93
112,malayal,100,PH,1603573350,77,7.21,121.94,77.83,4.21
113,sur,0,OM,1603573351,58,22.57,59.53,76.41,9.71
114,bonthe,88,SL,1603573351,81,7.53,-12.51,79.54,4.32
115,nizhniy tsasuchey,100,RU,1603573351,95,50.52,115.13,30.38,1.52
116,natal,20,BR,1603573351,74,-5.79,-35.21,80.6,10.29
117,baruun-urt,98,MN,1603573351,85,46.68,113.28,33.42,6.31
118,kudymkar,100,RU,1603573351,95,59.02,54.66,37.98,7.78
119,srednekolymsk,1,RU,1603573351,94,67.45,153.68,13.57,5.19
120,kurchum,0,KZ,1603573351,81,48.57,83.65,30.43,4.12
121,upernavik,100,GL,1603573351,95,72.79,-56.15,23.07,10.76
122,axim,96,GH,1603573351,87,4.87,-2.24,78.17,8.99
123,taltal,23,CL,1603573352,64,-25.4,-70.48,61.95,7.56
124,san patricio,90,US,1603573352,49,28.02,-97.52,73.99,8.05
125,thompson,90,CA,1603573222,53,55.74,-97.86,24.8,9.17
126,namibe,83,AO,1603573324,79,-15.2,12.15,68.76,5.5
127,petropavlovsk-kamchatskiy,90,RU,1603573352,86,53.05,158.65,41.0,20.13
128,lompoc,90,US,1603573153,68,34.64,-120.46,66.2,11.41
129,iqaluit,75,CA,1603573214,79,63.75,-68.51,28.4,4.7
130,lorengau,18,PG,1603573235,64,-2.02,147.27,82.58,5.61
131,klaksvik,0,FO,1603573352,81,62.23,-6.59,46.4,19.46
132,bluff,85,NZ,1603573216,58,-46.6,168.33,71.01,15.99
134,caravelas,69,BR,1603573343,85,-17.71,-39.25,75.42,7.83
136,masumbwe,0,TZ,1603573353,69,-3.63,32.18,70.95,3.33
137,tongzi,100,CN,1603573353,72,28.78,105.09,66.16,2.59
138,mednogorskiy,0,RU,1603573353,37,43.92,41.18,52.41,5.7
139,katangli,70,RU,1603573353,87,51.71,143.23,41.63,9.28
140,cape town,20,ZA,1603573203,93,-33.93,18.42,62.01,5.82
141,sao filipe,95,CV,1603573353,74,14.9,-24.5,81.39,10.29
142,gazanjyk,0,TM,1603573353,37,39.24,55.52,57.24,7.0
143,nanortalik,5,GL,1603573274,91,60.14,-45.24,32.4,9.24
144,kodiak,40,US,1603573353,100,57.79,-152.41,44.6,2.66
145,najran,0,SA,1603573353,19,17.49,44.13,68.0,1.12
146,grindavik,75,IS,1603573354,75,63.84,-22.43,42.8,31.09
149,kulhudhuffushi,99,MV,1603573354,73,6.62,73.07,82.38,8.25
150,tautira,75,PF,1603573354,69,-17.73,-149.15,82.4,8.05
151,krasnogvardeyskoye,0,RU,1603573354,56,45.85,41.52,57.4,6.85
152,shache,100,CN,1603573354,50,38.42,77.24,43.86,2.17
153,kaitangata,100,NZ,1603573098,56,-46.28,169.85,64.92,8.59
154,samarinda,100,ID,1603573354,94,-0.5,117.15,74.35,1.66
155,rangapara,91,IN,1603573354,95,26.82,92.65,70.93,6.08
157,quatre cocos,75,MU,1603573355,78,-20.21,57.76,73.4,11.41
158,seymchan,96,RU,1603573355,95,62.88,152.43,27.27,2.71
159,cockburn town,40,TC,1603573355,66,21.46,-71.14,86.0,13.87
160,morros,100,BR,1603573355,46,-9.45,-46.3,85.77,6.35
161,awjilah,0,LY,1603573355,67,29.11,21.29,66.4,12.03
162,saskylakh,100,RU,1603573355,94,71.92,114.08,14.67,22.08
163,kamennomostskoye,20,RU,1603573355,34,43.74,43.05,53.6,6.71
164,rawson,57,AR,1603573355,50,-43.3,-65.1,64.69,17.02
165,altamont,20,US,1603573180,47,42.21,-121.74,62.01,12.75
166,acarau,2,BR,1603573355,78,-2.89,-40.12,80.38,17.38
167,port alfred,11,ZA,1603573356,89,-33.59,26.89,65.8,4.27
168,sitka,40,US,1603573197,44,57.05,-135.33,41.0,0.69
169,tual,61,ID,1603573356,72,-5.67,132.75,82.67,4.63
170,kotlas,97,RU,1603573356,96,61.26,46.66,30.76,3.76
171,boddam,20,GB,1603573356,87,57.47,-1.78,48.2,5.82
172,tiksi,99,RU,1603573356,92,71.69,128.87,12.07,24.23
173,kuryk,66,KZ,1603573356,91,43.2,51.65,60.08,11.03
174,kalanguy,99,RU,1603573356,90,51.02,116.52,31.24,2.93
176,plettenberg bay,1,ZA,1603573263,89,-34.05,23.37,63.07,3.29
177,georgetown,40,MY,1603573357,94,5.41,100.34,77.0,3.36
178,bombo,89,ID,1603573357,84,-8.61,119.01,78.93,3.62
179,rio gallegos,75,AR,1603573352,93,-51.62,-69.22,44.6,9.17
180,norman wells,75,CA,1603573357,92,65.28,-126.83,21.2,4.7
181,faanui,45,PF,1603573357,74,-16.48,-151.75,79.14,7.54
182,bellevue,75,US,1603573060,45,47.61,-122.2,48.99,9.17
183,pahrump,95,US,1603573357,18,36.21,-115.98,81.0,5.01
184,saint anthony,75,US,1603573324,54,45.02,-93.22,32.0,6.93
185,taveta,20,KE,1603573357,69,-3.4,37.67,73.4,11.41
186,fukue,0,JP,1603573358,63,32.69,128.84,62.92,16.06
187,chokurdakh,100,RU,1603573358,97,70.63,147.92,16.84,7.23
188,nizhniy kuranakh,19,RU,1603573358,96,58.84,125.49,20.12,1.54
190,ilulissat,51,GL,1603573358,62,69.22,-51.1,23.0,4.7
191,zalantun,0,CN,1603573358,92,48.0,122.72,31.8,6.6
192,bogale,100,MM,1603573358,90,16.28,95.4,75.74,1.97
193,lavumisa,49,SZ,1603573358,85,-27.31,31.89,66.88,3.71
194,hobyo,94,SO,1603573358,80,5.35,48.53,79.16,15.99
196,guerrero negro,19,MX,1603573359,62,27.98,-114.06,73.22,17.07
197,yunyang,80,CN,1603573359,49,33.45,112.71,53.51,2.24
198,santa marta,100,CO,1603573084,86,11.24,-74.2,81.0,4.99
199,cabo san lucas,5,MX,1603573143,66,22.89,-109.91,90.0,9.17
200,chardara,0,KZ,1603573359,57,41.25,67.97,44.92,6.71
201,sept-iles,75,CA,1603573321,65,50.2,-66.38,44.6,10.29
202,ingham,75,US,1603573359,57,42.6,-84.38,45.0,5.82
203,el carmen,98,CO,1603573359,78,8.51,-73.45,77.77,2.91
204,rolla,90,US,1603573360,65,37.95,-91.77,46.99,6.93
205,taihe,100,CN,1603573360,65,30.87,105.38,65.26,4.36
206,beloha,100,MG,1603573208,84,-25.17,45.05,68.63,4.09
207,lieksa,96,FI,1603573145,81,63.32,30.02,36.95,13.04
208,bambous virieux,75,MU,1603573360,78,-20.34,57.76,73.4,11.41
209,sambava,19,MG,1603573283,83,-14.27,50.17,73.06,11.3
210,fairbanks,90,US,1603573278,92,64.84,-147.72,28.0,2.84
211,haines junction,100,CA,1603573360,74,60.75,-137.51,26.64,1.19
212,katherine,40,AU,1603573360,74,-14.47,132.27,78.8,6.96
213,pevek,0,RU,1603573360,92,69.7,170.31,26.29,12.71
214,pau dos ferros,82,BR,1603573361,39,-6.11,-38.21,89.38,11.79
215,morant bay,20,JM,1603573361,79,17.88,-76.41,86.0,28.86
216,saint-georges,40,GD,1603573361,70,12.06,-61.75,87.8,18.34
217,auki,12,SB,1603573361,75,-8.77,160.7,82.45,3.13
218,urusha,0,RU,1603573361,97,54.05,122.9,27.68,2.84
219,santa maria do suacui,100,BR,1603573361,88,-18.19,-42.41,70.72,1.63
220,lazaro cardenas,54,MX,1603573361,74,17.96,-102.2,85.69,9.17
222,lufkin,40,US,1603573257,67,31.34,-94.73,62.6,4.7
223,bonavista,100,CA,1603573362,86,48.65,-53.11,48.0,14.0
224,isangel,4,VU,1603573274,70,-19.55,169.27,77.72,11.97
225,maceio,20,BR,1603573362,78,-9.67,-35.74,78.8,12.75
226,villefranche-de-rouergue,0,FR,1603573362,93,44.33,2.0,50.0,2.24
227,maniitsoq,0,GL,1603573235,88,65.42,-52.9,23.97,10.94
228,port macquarie,50,AU,1603573362,99,-31.43,152.92,66.0,6.62
229,san vicente,79,AR,1603573362,98,-26.62,-54.13,63.61,3.18
230,bedesa,0,ET,1603573362,47,8.9,40.78,64.31,4.12
231,curup,100,ID,1603573362,89,-3.47,102.53,68.86,1.34
232,yagodnoye,89,RU,1603573235,95,62.55,149.67,26.53,2.35
233,san lorenzo,20,PY,1603573363,28,-25.33,-57.53,96.8,2.24
234,inuvik,75,CA,1603573363,58,68.35,-133.72,24.8,4.7
236,talara,6,PE,1603573286,75,-4.58,-81.27,66.56,15.61
237,zhezkazgan,84,KZ,1603573363,69,47.8,67.71,34.12,12.88
238,yaransk,95,RU,1603573363,89,57.3,47.89,38.23,7.27
239,mugla,0,TR,1603573363,88,37.23,28.36,69.8,2.24
240,dhidhdhoo,88,MV,1603573363,73,6.88,73.1,82.17,7.11
241,the pas,90,CA,1603573232,62,53.83,-101.25,24.8,11.41
243,omboue,100,GA,1603573364,86,-1.57,9.26,77.02,7.43
244,dingli,0,MT,1603573364,77,35.86,14.38,69.01,13.87
245,torbay,90,CA,1603573364,81,47.67,-52.73,48.99,23.04
246,oktyabrskiy,87,RU,1603573364,90,54.48,53.47,46.22,6.78
247,constitucion,100,CL,1603573364,76,-35.33,-72.42,56.89,18.03
249,malindi,77,KE,1603573364,82,-3.22,40.12,79.05,13.87
251,lamin,75,GM,1603573365,88,13.35,-16.43,82.4,4.7
252,dingle,92,PH,1603573365,89,11.0,122.67,74.14,2.15
254,richards bay,0,ZA,1603573365,81,-28.78,32.04,70.79,14.14
255,cidreira,84,BR,1603573365,87,-30.18,-50.21,69.64,12.66
256,fort nelson,5,CA,1603573365,49,58.81,-122.7,23.0,6.93
257,nantucket,90,US,1603573365,82,41.28,-70.1,62.6,10.29
258,carnarvon,75,AU,1603573365,100,-24.87,113.63,69.8,17.22
259,coihaique,40,CL,1603573365,41,-45.58,-72.07,59.0,4.7
260,aksu,29,CN,1603573366,45,41.12,80.26,45.57,2.68
261,sindal,100,DK,1603573366,90,57.47,10.2,52.0,5.99
262,vao,60,NC,1603573254,81,-22.67,167.48,73.04,13.89
263,troina,20,IT,1603573366,100,37.79,14.6,66.2,6.93
264,malanville,88,BJ,1603573366,27,11.87,3.39,81.68,3.56
265,longyearbyen,75,SJ,1603573366,85,78.22,15.64,19.4,2.24
266,mount isa,0,AU,1603573366,56,-20.73,139.5,68.0,8.05
267,praia da vitoria,75,PT,1603573366,93,38.73,-27.07,66.2,11.83
268,mount darwin,0,ZW,1603573366,37,-16.77,31.58,75.13,7.43
269,lasa,0,IT,1603573367,86,46.62,10.7,51.01,3.36
270,okha,5,RU,1603573367,91,53.57,142.95,40.19,2.84
272,pemangkat,100,ID,1603573367,85,1.17,108.97,77.56,4.97
273,chapais,90,CA,1603573367,80,49.78,-74.85,30.2,9.17
274,verkhnevilyuysk,29,RU,1603573367,95,63.45,120.32,19.09,5.79
275,zarubino,17,RU,1603573367,53,42.63,131.09,47.21,26.15
276,portland,75,US,1603573076,57,45.52,-122.68,51.01,18.34
277,cherskiy,4,RU,1603573367,93,68.75,161.3,17.04,5.48
278,bubaque,31,GW,1603573367,80,11.28,-15.83,83.14,11.41
279,tucuman,20,AR,1603573368,58,-26.82,-65.22,87.8,13.87
280,pacific grove,75,US,1603573093,63,36.62,-121.92,68.0,3.36
281,zhenlai,0,CN,1603573368,77,45.85,123.3,36.9,6.73
282,paamiut,18,GL,1603573368,86,61.99,-49.67,30.96,9.28
283,alexandria,20,EG,1603573368,64,31.22,29.96,71.6,2.24
284,zhigansk,100,RU,1603573368,96,66.77,123.37,21.04,23.29
285,george town,40,MY,1603573276,94,5.41,100.34,77.0,3.36
287,walvis bay,0,NA,1603573368,87,-22.96,14.51,57.99,5.82
288,piacabucu,8,BR,1603573368,76,-10.41,-36.43,77.5,10.51
289,makakilo city,1,US,1603573150,70,21.35,-158.09,84.2,10.29
291,lalitpur,20,NP,1603573369,93,27.67,85.33,59.0,2.24
292,dodola,1,ET,1603573369,75,6.98,39.18,49.86,3.22
293,san quintin,100,MX,1603573369,66,30.48,-115.95,69.76,13.91
294,sitio novo do tocantins,93,BR,1603573369,58,-5.52,-47.46,84.52,4.99
295,visavadar,13,IN,1603573369,65,21.38,70.68,77.09,2.82
297,iraan,0,US,1603573369,33,30.91,-101.9,72.0,3.0
298,khatanga,100,RU,1603573369,95,71.97,102.5,6.93,15.21
299,hami,86,CN,1603573370,52,42.8,93.45,46.51,8.57
300,pasni,0,PK,1603573326,31,25.26,63.47,77.31,27.98
301,quakenbruck,100,DE,1603573370,77,52.68,7.95,57.0,10.0
302,san andres,40,CO,1603573104,74,12.58,-81.7,87.8,5.82
303,honningsvag,100,NO,1603573370,84,70.98,25.97,39.52,18.37
304,lata,99,PT,1603573370,89,40.16,-8.33,63.0,1.99
305,belmonte,40,BR,1603573370,74,-15.86,-38.88,78.8,14.99
306,airai,6,TL,1603573370,100,-8.93,125.41,61.09,0.98
307,boo,89,SE,1603573298,93,59.33,18.28,39.99,8.05
308,saldanha,0,ZA,1603573228,87,-33.01,17.94,60.8,8.05
309,gillette,90,US,1603573371,85,44.29,-105.5,19.4,18.34
310,saurimo,24,AO,1603573371,91,-9.66,20.39,66.54,2.1
311,nicoya,40,CR,1603573204,78,10.15,-85.45,82.4,10.29
312,boma,100,GH,1603573371,82,7.08,-2.17,74.59,1.88
313,anadyr,75,RU,1603573074,100,64.75,177.48,19.4,2.24
314,yulara,0,AU,1603573371,47,-25.24,130.99,59.0,11.41
315,kailua,40,US,1603573371,78,21.4,-157.74,82.4,10.29
316,smirnykh,100,RU,1603573371,92,49.75,142.83,39.79,4.21
317,tay ninh,99,VN,1603573371,91,11.3,106.1,75.63,4.03
318,jind,0,IN,1603573371,22,29.32,76.32,71.44,3.13
319,avera,40,US,1603573372,58,33.19,-82.53,82.4,3.36
320,ostrovnoy,100,RU,1603573372,98,68.05,39.51,31.77,11.18
321,ojinaga,1,MX,1603573372,29,29.57,-104.42,81.0,4.7
322,olafsvik,100,IS,1603573372,75,64.89,-23.71,41.56,42.97
323,mayumba,99,GA,1603573372,88,-3.43,10.66,77.14,8.72
324,lavrentiya,59,RU,1603573372,88,65.58,-171.0,33.3,7.2
325,poronaysk,100,RU,1603573372,85,49.22,143.12,42.46,6.02
326,ancud,75,CL,1603573221,87,-41.87,-73.82,51.01,10.29
327,whitehorse,75,CA,1603573313,72,60.72,-135.05,19.0,14.99
328,marsh harbour,94,BS,1603573372,79,26.54,-77.06,80.38,12.57
329,sibolga,100,ID,1603573373,80,1.74,98.78,76.96,2.57
330,kirakira,1,SB,1603573373,77,-10.45,161.92,82.29,6.91
331,sabro,100,DK,1603573373,87,56.21,10.03,53.6,8.05
332,bandarbeyla,79,SO,1603573373,81,9.49,50.81,76.35,6.24
333,lincoln,90,US,1603573169,64,40.8,-96.67,35.6,9.17
334,north battleford,90,CA,1603573298,57,52.78,-108.28,21.2,12.75
335,dwarka,1,IN,1603573374,57,22.24,68.97,82.18,6.2
336,san cristobal,40,VE,1603573282,52,7.77,-72.22,91.4,14.99
337,coquimbo,90,CL,1603573374,76,-29.95,-71.34,57.2,10.29
338,asau,100,RO,1603573374,98,46.43,26.4,52.0,2.53
340,kytmanovo,48,RU,1603573374,92,53.46,85.45,26.1,8.59
341,jiangyou,86,CN,1603573374,65,31.77,104.72,61.16,3.13
342,kudahuvadhoo,50,MV,1603573375,79,2.67,72.89,82.09,10.16
343,chaoyang,100,CN,1603573375,53,41.57,120.46,44.96,2.84
344,san luis,56,AR,1603573277,39,-33.3,-66.34,83.71,4.83
345,mogadishu,100,SO,1603573143,84,2.04,45.34,79.83,8.32
346,szendro,75,HU,1603573375,87,48.4,20.73,55.4,6.93
347,mubi,3,NG,1603573375,32,10.27,13.26,77.7,2.86
348,nouadhibou,100,MR,1603573375,73,20.93,-17.03,71.6,16.11
350,sakakah,0,SA,1603573375,17,29.97,40.21,66.2,6.93
351,grand gaube,39,MU,1603573264,87,-20.01,57.66,69.01,5.01
352,wuwei,75,CN,1603573376,49,37.93,102.64,46.24,2.42
353,telde,40,ES,1603573376,64,27.99,-15.42,71.6,17.22
354,alice springs,0,AU,1603573376,44,-23.7,133.88,60.8,9.17
355,husavik,90,IS,1603573376,75,66.04,-17.34,41.0,19.46
356,micheweni,76,TZ,1603573376,81,-4.97,39.83,78.85,8.99
357,pemberton,5,CA,1603573376,72,50.32,-122.8,36.0,6.93
358,dzhebariki-khaya,76,RU,1603573376,93,62.22,135.8,11.28,2.37
359,mukhen,100,RU,1603573376,92,48.1,136.1,36.95,7.58
360,arlit,0,NE,1603573376,14,18.74,7.39,81.63,11.56
361,mananjary,23,MG,1603573377,81,-21.22,48.33,69.93,2.62
362,moussoro,2,TD,1603573377,15,13.64,16.49,87.3,13.53
363,abha,0,SA,1603573377,16,18.22,42.51,64.4,4.7
365,chicama,0,PE,1603573377,77,-7.84,-79.15,66.2,12.75
366,praia,100,CV,1603573204,78,14.92,-23.51,78.8,16.11
367,luanda,40,AO,1603573233,78,-8.84,13.23,77.0,6.93
368,dongsheng,0,CN,1603573377,74,39.82,109.98,44.62,7.23
369,kolyvan,90,RU,1603573377,73,55.31,82.74,24.8,8.95
370,behshahr,0,IR,1603573377,42,36.69,53.55,64.6,4.83
371,kampene,36,CD,1603573377,93,-3.6,26.67,70.72,1.48
373,zatoka,0,UA,1603573378,67,46.07,30.47,60.8,6.71
374,leningradskiy,40,RU,1603573319,93,69.38,178.42,21.94,6.82
375,puerto princesa,100,PH,1603573378,83,9.74,118.74,78.37,5.06
376,katsuura,20,JP,1603573267,50,35.13,140.3,57.2,14.99
377,sakaiminato,40,JP,1603573378,87,35.55,133.23,48.2,6.93
378,pangody,60,RU,1603573378,95,65.85,74.49,12.79,7.25
379,lumsden,90,CA,1603573378,57,50.65,-104.87,21.99,10.29
380,vargashi,100,RU,1603573378,96,55.36,65.85,36.79,13.35
381,nyurba,76,RU,1603573379,95,63.28,118.33,21.6,5.88
382,sola,34,VU,1603573379,82,-13.88,167.55,79.7,17.0
383,saint-pierre,0,RE,1603573379,64,-21.34,55.48,69.8,5.82
384,hammerfest,100,NO,1603573379,93,70.66,23.68,37.4,17.22
385,sao raimundo das mangabeiras,100,BR,1603573248,64,-7.02,-45.48,81.86,1.61
386,kavaratti,51,IN,1603573379,74,10.57,72.64,81.39,7.43
388,hervey bay,21,AU,1603573379,84,-25.3,152.85,75.99,5.01
389,issia,86,CI,1603573380,90,6.49,-6.59,73.09,2.44
390,manta,0,EC,1603573380,65,-0.95,-80.73,80.6,14.99
391,chuy,23,UY,1603573380,88,-33.7,-53.46,66.92,7.58
392,ponta do sol,40,PT,1603573380,68,32.67,-17.1,68.0,4.7
393,labuhan,100,ID,1603573380,82,-6.88,112.21,79.52,6.26
394,vila franca do campo,75,PT,1603573276,82,37.72,-25.43,68.0,19.46
395,nemuro,77,JP,1603573359,70,43.32,145.57,50.74,26.31
396,vestbjerg,100,DK,1603573381,90,57.13,9.96,52.0,5.99
397,bathsheba,40,BB,1603573381,70,13.22,-59.52,86.0,19.46
399,creel,50,MX,1603573381,24,27.75,-107.63,72.25,12.64
400,matara,70,LK,1603573381,88,5.95,80.54,77.18,7.27
401,strezhevoy,90,RU,1603573381,85,60.73,77.59,23.0,4.47
402,jagdalpur,75,IN,1603573381,76,19.07,82.03,66.7,1.72
403,svetlaya,82,RU,1603573381,67,46.54,138.33,41.56,8.14
404,chumphon,94,TH,1603573382,88,10.33,98.83,69.85,0.47
405,khani,0,GE,1603573382,93,41.96,42.96,48.2,6.93
406,palana,100,RU,1603573382,80,59.12,159.97,35.24,4.56
407,kelo,85,TD,1603573382,49,9.31,15.81,79.57,3.69
408,zaraza,92,VE,1603573326,92,9.35,-65.32,81.55,2.66
409,guasdualito,69,VE,1603573382,83,7.24,-70.73,82.49,3.83
410,kununurra,65,AU,1603573239,88,-15.77,128.73,80.6,3.36
411,dali,98,CN,1603573366,88,25.7,100.18,55.98,1.61
412,san rafael,12,AR,1603573235,27,-34.62,-68.33,87.26,15.97
413,ajmer,0,IN,1603573382,23,26.45,74.63,69.96,4.45
414,odweyne,45,SO,1603573383,20,9.41,45.06,75.25,10.67
415,son la,86,VN,1603573383,77,21.32,103.9,56.48,1.05
416,aras,40,ES,1603573383,81,42.56,-2.36,55.99,3.36
417,yala,99,TH,1603573383,90,6.33,101.25,74.53,2.04
418,myskhako,40,RU,1603573383,87,44.67,37.74,57.2,8.95
419,kyabe,81,TD,1603573383,71,9.45,18.94,79.38,1.88
420,novaci,100,RO,1603573383,67,45.18,23.67,56.43,0.81
421,bethel,96,US,1603573290,77,41.37,-73.41,59.0,1.01
422,kolokani,71,ML,1603573383,23,13.57,-8.03,81.09,2.95
423,ipora,60,BR,1603573259,78,-16.44,-51.12,75.29,5.93
424,adrar,100,MR,1603573384,11,20.5,-10.07,91.15,6.04
425,umm kaddadah,0,SD,1603573384,17,13.6,26.69,85.26,14.97
426,along,100,IN,1603573384,90,28.17,94.77,68.38,0.4
427,sita road,0,PK,1603573384,21,27.03,67.85,70.16,3.2
429,jambi,100,ID,1603573204,97,-1.6,103.62,73.81,1.03
430,moses lake,1,US,1603573341,35,47.13,-119.28,42.8,18.34
431,orchard homes,90,US,1603573384,62,46.86,-114.05,28.0,17.22
432,kahului,20,US,1603573325,55,20.89,-156.47,87.8,8.05
433,te anau,100,NZ,1603573384,82,-45.42,167.72,59.52,10.49
434,saint-francois,0,FR,1603573384,93,46.42,3.91,48.99,3.36
435,waitati,100,NZ,1603573385,53,-45.75,170.57,66.63,11.83
436,havre-saint-pierre,90,CA,1603573385,100,50.23,-63.6,44.6,13.87
437,binghamton,90,US,1603573353,70,42.1,-75.92,46.99,10.29
438,krasnoselkup,84,RU,1603573385,95,65.7,82.47,7.72,9.04
439,yar-sale,75,RU,1603573373,96,66.83,70.83,16.77,4.92
440,nanzhang,98,CN,1603573385,57,31.78,111.84,58.23,1.41
441,rongcheng,0,CN,1603573385,76,30.63,117.85,49.84,1.81
442,imeni poliny osipenko,100,RU,1603573386,85,52.42,136.49,40.42,24.63
443,nara,0,JP,1603573369,81,34.69,135.8,51.01,6.93
444,jacareacanga,100,BR,1603573386,93,-6.22,-57.75,76.01,2.21
445,yuncheng,10,CN,1603573386,48,35.02,110.99,51.46,3.38
446,duartina,35,BR,1603573386,72,-22.41,-49.4,75.99,3.0
448,los llanos de aridane,90,ES,1603573386,60,28.66,-17.92,73.4,11.41
449,itambacuri,100,BR,1603573386,83,-18.03,-41.69,72.73,1.54
450,barreirinhas,5,BR,1603573386,76,-2.75,-42.83,80.94,9.75
451,jalu,0,LY,1603573387,50,29.03,21.55,66.92,11.92
452,tubuala,75,PA,1603573387,83,9.52,-79.03,82.0,9.17
453,luganville,88,VU,1603573387,78,-15.53,167.17,80.04,10.16
454,udachnyy,90,RU,1603573353,92,66.42,112.4,12.2,2.24
455,berlevag,100,NO,1603573386,76,70.86,29.09,38.64,20.71
456,lubao,90,PH,1603573387,94,14.92,120.55,75.2,2.24
457,fairlie,34,GB,1603573387,81,55.76,-4.86,48.0,5.01
458,aquiraz,0,BR,1603573387,74,-3.9,-38.39,82.4,13.87
459,senanga,69,ZM,1603573387,21,-16.12,23.27,74.93,7.87
460,gondanglegi,46,ID,1603573387,85,-7.75,112.01,76.06,7.27
461,buzmeyin,0,TM,1603573334,36,38.05,58.21,51.8,4.7
462,pontal do parana,75,BR,1603573296,100,-25.65,-48.51,63.0,10.29
463,macapa,20,BR,1603573122,63,0.04,-51.07,91.4,14.99
464,sorland,0,NO,1603573388,66,67.67,12.69,42.96,15.61
465,tuatapere,96,NZ,1603573388,58,-46.13,167.68,71.01,15.99
466,porto belo,75,BR,1603573388,83,-27.16,-48.55,75.2,6.93
467,lake havasu city,1,US,1603573350,32,34.48,-114.32,84.99,6.93
468,pointe-noire,100,CG,1603573388,87,-4.78,11.86,76.69,7.45
469,preobrazheniye,3,RU,1603573388,71,42.9,133.91,39.34,16.15
470,jinzhou,100,CN,1603573388,55,41.11,121.14,45.48,3.8
471,evensk,64,RU,1603573388,91,61.95,159.23,31.01,7.87
472,asyut,0,EG,1603573386,46,27.18,31.18,73.4,9.17
473,amapa,94,BR,1603573389,44,1.0,-52.0,89.74,4.05
474,ulaangom,0,MN,1603573389,78,49.98,92.07,30.07,12.55
475,goderich,50,CA,1603573279,69,43.75,-81.72,46.99,1.01
476,omsukchan,53,RU,1603573389,93,62.53,155.8,26.62,3.31
477,maraa,95,BR,1603573389,68,-1.83,-65.37,86.61,1.07
478,san carlos de bariloche,75,AR,1603573103,61,-41.15,-71.31,50.0,20.8
479,kruisfontein,0,ZA,1603573245,83,-34.0,24.73,64.0,1.01
480,caxito,40,AO,1603573389,78,-8.58,13.66,77.0,6.93
482,urengoy,100,RU,1603573389,95,65.97,78.37,14.72,9.51
484,tigil,99,RU,1603573390,84,57.8,158.67,34.38,11.86
485,hualmay,25,PE,1603573390,73,-11.1,-77.61,67.14,9.48
486,koping,83,SE,1603573390,93,59.51,15.99,39.0,4.7
487,port lincoln,87,AU,1603573390,70,-34.73,135.87,52.52,16.4
488,bairiki,40,KI,1603573390,69,1.33,172.98,82.4,8.05
489,cedar city,1,US,1603573134,25,37.68,-113.06,66.2,19.46
490,noumea,0,NC,1603573265,65,-22.28,166.46,80.01,3.36
491,saint-joseph,0,RE,1603573390,64,-21.37,55.62,69.8,5.82
493,la rochelle,0,FR,1603573390,82,46.17,-1.15,62.01,18.34
494,collie,65,AU,1603573244,50,-33.37,116.15,57.0,7.83
495,aleksandrov gay,100,RU,1603573391,83,50.15,48.57,53.8,1.16
496,egvekinot,15,RU,1603573391,96,66.32,-179.17,21.87,8.93
497,itarema,0,BR,1603573391,79,-2.92,-39.92,80.02,16.44
498,abu samrah,39,SY,1603573391,23,35.3,37.18,69.8,6.96
499,nosy varika,27,MG,1603573391,80,-20.58,48.53,70.2,0.92
500,koslan,91,RU,1603573391,98,63.46,48.9,28.8,8.77
501,rosario,0,AR,1603573104,61,-32.95,-60.64,84.99,5.82
502,xai-xai,46,MZ,1603573392,91,-25.05,33.64,68.74,6.02
503,bambanglipuro,100,ID,1603573392,88,-7.95,110.28,77.38,8.32
504,kidal,0,ML,1603573392,14,18.44,1.41,82.18,10.74
505,umm lajj,0,SA,1603573392,35,25.02,37.27,83.23,8.1
506,flinders,95,AU,1603573392,79,-34.58,150.86,57.0,5.01
507,mandera,100,KE,1603573392,63,3.94,41.87,82.36,17.05
508,mitsamiouli,0,KM,1603573392,77,-11.38,43.28,78.3,10.54
509,acapulco,40,MX,1603573202,74,16.86,-99.89,87.8,8.05
510,pandan,100,PH,1603573392,84,14.05,124.17,81.36,10.45
511,gatton,90,AU,1603573392,100,-27.55,152.28,69.01,1.95
513,sabang,100,ID,1603573393,87,5.89,95.32,77.34,18.21
514,pangnirtung,96,CA,1603573393,91,66.15,-65.71,19.56,3.98
515,tiarei,75,PF,1603573393,69,-17.53,-149.33,82.4,8.05
516,buala,1,SB,1603573393,75,-8.14,159.59,82.71,3.58
517,vanavara,100,RU,1603573393,98,60.34,102.28,24.46,2.95
518,mahibadhoo,82,MV,1603573393,75,3.78,72.97,82.92,12.03
520,zyryanka,0,RU,1603573393,94,65.75,150.85,13.33,7.72
521,cayenne,0,GF,1603573207,66,4.93,-52.33,86.0,8.05
522,kjollefjord,100,NO,1603573323,88,70.95,27.35,36.91,16.15
523,ponta delgada,75,PT,1603573394,82,37.73,-25.67,68.0,19.46
524,tijara,0,IN,1603573394,22,27.93,76.85,72.01,1.41
526,san jeronimo,79,PE,1603573394,39,-11.95,-75.28,64.49,6.98
527,kathu,40,TH,1603573394,94,7.92,98.33,82.99,2.24
528,shawnee,90,US,1603573394,60,39.05,-95.77,41.0,8.05
529,half moon bay,90,US,1603573110,68,37.46,-122.43,69.01,4.7
530,canutama,71,BR,1603573395,54,-6.53,-64.38,90.63,3.0
531,atbasar,100,KZ,1603573395,97,51.8,68.33,32.49,23.73
532,salekhard,8,RU,1603573395,95,66.53,66.6,8.4,5.79
533,henties bay,73,NA,1603573261,91,-22.12,14.28,57.99,5.32
534,naze,75,JP,1603573290,60,28.37,129.48,71.6,13.87
536,saint-augustin,100,CA,1603573395,82,51.23,-58.65,45.95,15.39
537,batangafo,100,CF,1603573395,79,7.3,18.28,74.98,0.74
538,hinton,58,CA,1603573207,83,53.4,-117.59,19.04,2.35
539,murgab,0,TM,1603573395,57,37.5,61.97,50.0,6.93
540,bowen,75,AU,1603573396,94,-20.02,148.23,73.4,3.36
541,dauphin,90,CA,1603573396,46,51.15,-100.05,28.4,13.87
542,aurillac,0,FR,1603573396,100,44.92,2.45,50.0,5.82
543,broome,90,US,1603573396,70,42.25,-75.83,46.99,10.29
544,dreux,90,FR,1603573396,77,48.67,1.25,59.0,27.51
545,ambon,100,ID,1603573396,92,-3.7,128.18,81.0,3.76
546,waipawa,24,NZ,1603573396,93,-41.41,175.52,60.8,23.04
547,zboriste,90,BA,1603573396,93,45.15,16.02,57.2,4.7
548,yantal,100,RU,1603573397,91,56.85,105.25,34.97,8.5
549,santa fe,22,AR,1603573253,51,-31.63,-60.7,87.01,4.0
550,sao miguel,20,BR,1603573397,74,-5.47,-35.37,80.6,10.29
551,shahe,82,CN,1603573397,50,39.27,113.55,48.85,1.39
552,kasongo-lunda,100,CD,1603573397,90,-6.47,16.82,72.28,0.76
553,ulyanovsk,88,RU,1603573397,71,54.0,48.0,50.0,6.71
554,sungurlu,0,TR,1603573397,29,40.17,34.37,64.4,2.19
555,laguna,1,US,1603573344,52,38.42,-121.42,73.0,8.05
556,mitu,61,CO,1603573397,58,1.2,-70.17,88.9,1.77
557,tilichiki,27,RU,1603573397,97,60.47,166.1,28.69,3.76
558,hirado,0,JP,1603573397,62,33.36,129.55,59.0,5.99
560,sayula,5,MX,1603573398,70,19.87,-103.62,84.2,5.35
562,nagato,20,JP,1603573398,51,34.38,131.2,59.0,8.05
563,rocha,13,UY,1603573398,87,-34.48,-54.33,66.97,8.01
564,amqui,40,CA,1603573398,70,48.46,-67.43,43.0,13.87
565,palmer,75,US,1603573398,55,42.16,-72.33,66.2,5.82
566,nador,0,MA,1603573398,68,35.17,-2.93,66.2,3.06
567,sierra vista,1,US,1603573398,9,31.55,-110.3,86.0,16.11
568,pochutla,75,MX,1603573398,66,15.74,-96.47,87.8,5.61
569,mancio lima,100,BR,1603573399,47,-7.61,-72.9,91.02,3.6
570,hambantota,95,LK,1603573399,80,6.12,81.12,78.82,13.38
571,twentynine palms,40,US,1603573140,21,34.14,-116.05,82.0,6.93
572,bariadi,10,TZ,1603573399,62,-2.8,33.98,75.04,7.49
573,meulaboh,100,ID,1603573399,95,4.14,96.13,73.89,6.31
574,seddon,40,AU,1603573399,61,-37.81,144.89,51.01,17.22
575,yeniseysk,99,RU,1603573399,96,58.45,92.17,28.47,6.29
576,carbondale,90,US,1603573298,61,37.73,-89.22,50.0,8.05
577,igrim,100,RU,1603573399,93,63.19,64.42,25.29,9.53
578,sines,40,PT,1603573400,1,37.96,-8.87,59.0,1.99
579,zhaozhou,0,CN,1603573400,85,45.68,125.32,34.79,7.54
580,broken hill,90,AU,1603573400,81,-31.95,141.43,44.6,9.17
581,solhan,0,TR,1603573400,56,38.96,41.03,45.63,1.61
582,otane,0,NZ,1603573400,62,-39.88,176.63,70.02,1.72
583,susanville,1,US,1603573400,21,40.42,-120.65,70.0,13.87
584,merauke,66,ID,1603573351,88,-8.47,140.33,77.86,6.08
585,zheleznodorozhnyy,75,RU,1603573400,87,55.75,38.0,48.2,4.47
586,semirom,0,IR,1603573400,85,31.42,51.57,33.57,2.28
588,havoysund,100,NO,1603573401,93,71.0,24.66,37.4,17.22
589,hokitika,100,NZ,1603573401,96,-42.72,170.97,58.32,8.21
590,nabire,99,ID,1603573401,84,-3.37,135.48,75.51,3.74
591,waddan,0,LY,1603573315,42,29.16,16.14,64.63,5.53
592,tete,0,MZ,1603573401,43,-16.16,33.59,81.88,10.85
593,scicli,100,IT,1603573401,88,36.79,14.7,64.99,1.12
594,zaozerne,100,UA,1603573401,84,45.16,33.28,65.75,6.67
595,yeppoon,90,AU,1603573401,94,-23.13,150.73,71.6,3.36
597,paulo ramos,47,BR,1603573401,67,-4.22,-45.18,83.21,3.47
598,gimli,85,CA,1603573402,98,50.63,-96.99,30.0,4.0
599,iracemapolis,75,BR,1603573259,61,-22.58,-47.52,78.8,3.36
601,chunhuhub,79,MX,1603573402,88,19.55,-88.68,84.38,3.85
602,yerbogachen,100,RU,1603573402,97,61.28,108.01,23.97,3.13
603,rawlins,90,US,1603573402,42,41.79,-107.24,46.4,23.04
604,tonstad,100,NO,1603573402,95,58.66,6.72,52.0,1.99
